{"file_name":"body","texture_size":[64,64],"textures":{"e051a090-f384-e303-ae59-5c65fa904298":"modelengine:entity/d7ac4b7192d122c40a22aaea46120c1b472b15c855921b38b6ddb2116e733aa7"},"elements":[{"name":"body","from":[5.6,0.7999997,6.8],"to":[10.4,8.0,9.2],"rotation":{"angle":0.0,"axis":"x","origin":[8.0,-6.4000006,8.0]},"faces":{"down":{"uv":[9.0,4.0,7.0,5.0],"rotation":0,"texture":"#e051a090-f384-e303-ae59-5c65fa904298","tintindex":0},"east":{"uv":[4.0,5.0,5.0,8.0],"rotation":0,"texture":"#e051a090-f384-e303-ae59-5c65fa904298","tintindex":0},"north":{"uv":[5.0,5.0,7.0,8.0],"rotation":0,"texture":"#e051a090-f384-e303-ae59-5c65fa904298","tintindex":0},"south":{"uv":[8.0,5.0,10.0,8.0],"rotation":0,"texture":"#e051a090-f384-e303-ae59-5c65fa904298","tintindex":0},"up":{"uv":[7.0,5.0,5.0,4.0],"rotation":0,"texture":"#e051a090-f384-e303-ae59-5c65fa904298","tintindex":0},"west":{"uv":[7.0,5.0,8.0,8.0],"rotation":0,"texture":"#e051a090-f384-e303-ae59-5c65fa904298","tintindex":0}}},{"name":"body layer","from":[5.45,0.6499996,6.6499996],"to":[10.55,8.15,9.35],"rotation":{"angle":0.0,"axis":"x","origin":[8.0,-6.4000006,8.0]},"faces":{"down":{"uv":[9.0,8.0,7.0,9.0],"rotation":0,"texture":"#e051a090-f384-e303-ae59-5c65fa904298","tintindex":0},"east":{"uv":[4.0,9.0,5.0,12.0],"rotation":0,"texture":"#e051a090-f384-e303-ae59-5c65fa904298","tintindex":0},"north":{"uv":[5.0,9.0,7.0,12.0],"rotation":0,"texture":"#e051a090-f384-e303-ae59-5c65fa904298","tintindex":0},"south":{"uv":[8.0,9.0,10.0,12.0],"rotation":0,"texture":"#e051a090-f384-e303-ae59-5c65fa904298","tintindex":0},"up":{"uv":[7.0,9.0,5.0,8.0],"rotation":0,"texture":"#e051a090-f384-e303-ae59-5c65fa904298","tintindex":0},"west":{"uv":[7.0,9.0,8.0,12.0],"rotation":0,"texture":"#e051a090-f384-e303-ae59-5c65fa904298","tintindex":0}}}],"display":{"head":{"translation":[0.0,-6.4,0.0],"rotation":[0.0,0.0,0.0],"scale":[3.8095,3.8095,3.8095]},"gui":{"translation":[0.0,0.0,0.0],"rotation":[35.0,225.0,0.0],"scale":[0.625,0.625,0.625]}}}