{"file_name":"left_arm","texture_size":[64,64],"textures":{"62f04d29-a502-869c-decb-ba66bcda65bf":"modelengine:entity/d7ac4b7192d122c40a22aaea46120c1b472b15c855921b38b6ddb2116e733aa7"},"elements":[{"name":"cube","from":[7.4,1.9999998,6.8],"to":[9.2,9.2,9.2],"rotation":{"angle":0.0,"axis":"x","origin":[11.6,-5.200001,8.0]},"faces":{"down":{"uv":[9.75,12.0,10.5,13.0],"rotation":0,"texture":"#62f04d29-a502-869c-decb-ba66bcda65bf","tintindex":0},"east":{"uv":[8.0,13.0,9.0,16.0],"rotation":0,"texture":"#62f04d29-a502-869c-decb-ba66bcda65bf","tintindex":0},"north":{"uv":[9.0,13.0,9.75,16.0],"rotation":0,"texture":"#62f04d29-a502-869c-decb-ba66bcda65bf","tintindex":0},"south":{"uv":[10.75,13.0,11.5,16.0],"rotation":0,"texture":"#62f04d29-a502-869c-decb-ba66bcda65bf","tintindex":0},"up":{"uv":[9.0,12.0,10.0,13.0],"rotation":0,"texture":"#62f04d29-a502-869c-decb-ba66bcda65bf","tintindex":0},"west":{"uv":[9.75,13.0,10.75,16.0],"rotation":0,"texture":"#62f04d29-a502-869c-decb-ba66bcda65bf","tintindex":0}}},{"name":"cube","from":[7.25,1.8499998,6.6499996],"to":[9.35,9.35,9.35],"rotation":{"angle":0.0,"axis":"x","origin":[11.6,-5.200001,8.0]},"faces":{"down":{"uv":[12.75,12.25,13.5,13.25],"rotation":0,"texture":"#62f04d29-a502-869c-decb-ba66bcda65bf","tintindex":0},"east":{"uv":[12.5,13.0,13.5,16.0],"rotation":0,"texture":"#62f04d29-a502-869c-decb-ba66bcda65bf","tintindex":0},"north":{"uv":[13.0,13.0,13.75,16.0],"rotation":0,"texture":"#62f04d29-a502-869c-decb-ba66bcda65bf","tintindex":0},"south":{"uv":[15.0,13.0,15.75,16.0],"rotation":0,"texture":"#62f04d29-a502-869c-decb-ba66bcda65bf","tintindex":0},"up":{"uv":[14.0,12.25,14.75,13.25],"rotation":0,"texture":"#62f04d29-a502-869c-decb-ba66bcda65bf","tintindex":0},"west":{"uv":[14.0,13.0,15.0,16.0],"rotation":0,"texture":"#62f04d29-a502-869c-decb-ba66bcda65bf","tintindex":0}}}],"display":{"head":{"translation":[0.0,-6.4,0.0],"rotation":[0.0,0.0,0.0],"scale":[3.8095,3.8095,3.8095]},"gui":{"translation":[0.0,0.0,0.0],"rotation":[35.0,225.0,0.0],"scale":[0.625,0.625,0.625]}}}