{"file_name":"right_arm","texture_size":[64,64],"textures":{"62f04d29-a502-869c-decb-ba66bcda65bf":"modelengine:entity/d7ac4b7192d122c40a22aaea46120c1b472b15c855921b38b6ddb2116e733aa7"},"elements":[{"name":"cube","from":[6.8,1.9999998,6.8],"to":[8.6,9.2,9.2],"rotation":{"angle":0.0,"axis":"x","origin":[4.3999996,-5.200001,8.0]},"faces":{"down":{"uv":[11.75,4.0,12.5,5.0],"rotation":0,"texture":"#62f04d29-a502-869c-decb-ba66bcda65bf","tintindex":0},"east":{"uv":[10.0,5.0,11.0,8.0],"rotation":0,"texture":"#62f04d29-a502-869c-decb-ba66bcda65bf","tintindex":0},"north":{"uv":[11.0,5.0,11.75,8.0],"rotation":0,"texture":"#62f04d29-a502-869c-decb-ba66bcda65bf","tintindex":0},"south":{"uv":[12.75,5.0,13.5,8.0],"rotation":0,"texture":"#62f04d29-a502-869c-decb-ba66bcda65bf","tintindex":0},"up":{"uv":[11.0,4.0,12.0,5.0],"rotation":0,"texture":"#62f04d29-a502-869c-decb-ba66bcda65bf","tintindex":0},"west":{"uv":[11.75,5.0,12.75,8.0],"rotation":0,"texture":"#62f04d29-a502-869c-decb-ba66bcda65bf","tintindex":0}}},{"name":"cube","from":[6.6499996,1.8499998,6.6499996],"to":[8.75,9.35,9.35],"rotation":{"angle":0.0,"axis":"x","origin":[8.0,8.0,8.0]},"faces":{"down":{"uv":[11.75,8.0,12.75,9.0],"rotation":0,"texture":"#62f04d29-a502-869c-decb-ba66bcda65bf","tintindex":0},"east":{"uv":[10.0,9.0,11.0,12.0],"rotation":0,"texture":"#62f04d29-a502-869c-decb-ba66bcda65bf","tintindex":0},"north":{"uv":[11.0,9.25,11.75,12.0],"rotation":0,"texture":"#62f04d29-a502-869c-decb-ba66bcda65bf","tintindex":0},"south":{"uv":[12.75,9.0,13.5,12.0],"rotation":0,"texture":"#62f04d29-a502-869c-decb-ba66bcda65bf","tintindex":0},"up":{"uv":[11.0,8.0,11.75,9.0],"rotation":0,"texture":"#62f04d29-a502-869c-decb-ba66bcda65bf","tintindex":0},"west":{"uv":[11.75,9.0,12.75,12.0],"rotation":0,"texture":"#62f04d29-a502-869c-decb-ba66bcda65bf","tintindex":0}}}],"display":{"head":{"translation":[0.0,-6.4,0.0],"rotation":[0.0,0.0,0.0],"scale":[3.8095,3.8095,3.8095]},"gui":{"translation":[0.0,0.0,0.0],"rotation":[35.0,225.0,0.0],"scale":[0.625,0.625,0.625]}}}